patient_id,ctdna_vaf,EGFR,KRAS,TP53,MET,ALK
0,11.07707735394648,0,0,0,0,0
1,5.299135875012769,1,0,0,0,1
2,14.801171808320925,0,0,0,0,0
3,14.999051319117417,0,1,1,0,0
4,2.4093770076904915,0,0,0,0,1
5,14.123915398814804,0,0,1,0,1
6,2.2267407017036858,0,0,0,1,0
7,14.674165085555153,0,0,1,0,0
8,0.4930808176752608,0,0,0,0,0
9,12.580181630957576,0,1,0,0,0
10,0.4908665958117977,0,0,0,0,0
11,8.696964546982306,0,1,0,0,1
12,14.763386610878017,1,0,0,1,0
13,13.054809856497707,0,0,0,0,0
14,5.930089450565102,0,0,0,0,0
15,1.708201584241858,0,1,1,0,0
16,12.907878580913895,1,0,0,1,0
17,13.789414332274477,0,0,0,0,0
18,13.322820678161682,0,0,0,0,0
19,6.041309183648663,0,1,0,0,0
20,2.1059003252672546,0,0,0,0,0
21,12.029168507612374,0,1,0,0,0
22,8.582582275269628,0,0,0,1,1
23,7.753663375340621,0,1,1,0,0
24,5.628262821061198,0,0,0,0,0
25,4.874554509275969,1,0,0,0,0
26,14.27209123559861,0,0,0,0,0
27,4.377174507794314,0,0,0,0,0
28,6.218114632623397,0,0,0,0,0
29,8.330324610569662,0,0,0,0,0
30,9.430203233914039,0,1,1,1,0
31,1.4070645310751513,0,1,0,0,0
32,6.043064289205892,0,0,1,1,0
33,12.21571228647701,0,0,0,0,0
34,6.589542923420244,0,0,0,0,0
35,6.601998882417045,0,0,1,0,0
36,4.477343939073532,0,1,0,0,1
37,13.52317649868548,0,1,0,0,0
38,1.1606407229944686,1,0,0,1,1
39,8.02669450050185,0,0,0,0,1
40,8.102746639974688,0,1,0,0,0
41,4.466977789171559,1,0,1,0,0
42,4.7139702540859725,0,0,0,0,1
43,4.661694873097394,0,0,0,1,1
44,2.8204794765428662,0,0,0,0,0
45,9.19385200868438,1,0,0,1,0
46,12.07041577636451,1,1,0,0,0
47,11.266405795510222,1,0,1,0,1
48,0.28135474680482764,0,0,0,1,0
49,8.733371275807366,0,1,0,0,1
50,1.0909766292396075,0,0,1,0,1
51,2.4058995447738964,1,0,0,0,0
52,8.788617727667638,0,1,0,0,0
53,10.968893941610737,0,0,1,0,0
54,14.342166193197597,0,0,0,0,0
55,4.876952534071763,1,0,0,1,0
56,13.083298546120378,1,0,0,0,0
57,0.3088015199909014,0,1,1,0,0
58,6.608385473339376,1,0,0,1,0
59,6.415679081673479,0,0,0,0,1
60,6.712540544104908,0,0,0,0,0
61,11.349035735312446,0,0,0,0,1
62,2.685066267309251,0,0,1,0,0
63,9.612196944971366,0,0,0,0,0
64,10.396948511185276,1,0,0,0,0
65,9.478719330212016,1,0,0,0,0
66,13.881075704359155,0,0,0,0,0
67,13.646265974424585,0,0,0,1,1
68,5.548084585684769,0,0,0,0,0
69,11.046979141218392,0,1,1,0,0
70,11.511322207771794,0,0,1,0,0
71,2.481805307981771,0,0,0,1,0
72,5.2505146824619535,0,0,0,0,0
73,4.880177506749015,0,0,0,0,0
74,7.223571766587716,0,0,0,0,0
75,13.952995891112014,0,0,0,0,0
76,11.1635054161596,0,0,0,0,1
77,14.994688216153838,0,1,0,0,0
78,4.9052625241533105,0,0,0,0,0
79,4.847078676054704,0,0,0,0,0
80,1.7333263629499023,0,0,0,1,0
81,4.891563155843475,0,0,0,0,0
82,8.020971176258124,1,1,0,0,1
83,12.420752127151495,0,1,1,0,0
84,1.8208724947565988,0,0,0,1,0
85,11.68188285048442,0,1,0,1,0
86,0.6525134353916983,0,0,0,0,0
87,10.217979004275113,0,0,0,0,0
88,0.8291229371753038,0,0,1,0,0
89,10.845140669474166,1,0,0,0,1
90,8.201729262729593,0,0,0,0,0
91,9.722605444745039,0,0,0,0,0
92,10.903753002469465,1,1,0,0,0
93,14.190084823984064,0,1,0,0,0
94,6.156611608035797,0,0,1,0,0
95,14.407935330686362,0,0,0,0,0
96,5.503168656918073,0,0,0,0,1
97,6.5800633495230025,0,1,0,0,0
98,11.546765562535862,0,0,0,0,0
99,0.6356885796302381,0,0,0,0,0
