patient_id,alt_u_l,ast_u_l,total_bilirubin_mg_dl
0,28.504903601534487,50.09299414682685,0.787769595254629
1,46.348600262053914,39.94260241377206,1.3504800671835073
2,51.309660676985374,30.78395263637902,0.8920727545160698
3,49.29277003295079,27.003886713113992,1.4408825871207354
4,35.06920353728457,28.19525561688165,0.6516698366044085
5,40.49347021254448,50.015783449837365,0.6276174909311185
6,37.31642627147272,31.439578934786326,0.9795506912162502
7,59.74005308130274,42.14222748476273,1.1908431182259709
8,62.558285779608866,22.784518484406668,0.8771626619234381
9,33.58167097143061,35.04632287946123,0.8786696572345831
10,24.420545308130812,28.445321479610914,1.2370326407339014
11,35.291300803509955,32.4024522026645,0.9046747177986444
12,55.9699315617731,46.6146382842406,1.4032945209563026
13,30.32798422138553,32.41751848998908,1.0581542780951212
14,13.130924446731374,42.28647552355035,1.0910167488670919
15,61.63386060552577,45.439173616169576,1.3520155818102781
16,57.65194314336834,25.975331766848047,0.643320710951238
17,43.138365764698484,27.871253475308713,1.0688445312658763
18,57.68193139014497,51.48162762369971,0.6677243657144545
19,64.54597163135254,43.0821808348266,0.6632957415230762
20,39.42259498559218,38.61200662568523,0.32279178254692187
21,44.02865594271533,36.61281463457526,0.6302347977836142
22,47.676661646910325,24.33486160328666,1.3911806340042234
23,39.55344360339985,30.133703670601697,1.2494216368747209
24,62.05096528020138,22.311047883382923,1.2787115469249293
25,55.474737764262926,21.534030905869344,1.1628591823576189
26,53.56300133966115,18.72595134749951,1.234988228726452
27,60.85368044866988,30.58297728513621,0.5354028968924478
28,32.5476408614322,34.66237928505489,-0.06328986189857266
29,29.042407689847693,29.289790067508385,1.2391235422525066
30,30.78674049564465,47.906235526937735,0.9896088642666188
31,22.328850357562438,45.060832854026884,0.6401917362469443
32,39.9513599118268,49.387979979459764,0.8731209020465107
33,7.721093477974918,40.547420145230035,1.1184376783703178
34,30.055865245284217,32.067071338112484,0.9872562687701377
35,29.361891153035522,37.37578425021294,1.1339271418422625
36,33.68173224542574,38.26406921856954,0.7885236484248125
37,43.56862158499057,36.980811081779635,1.242553313229367
38,50.3549152620526,47.399044993136286,1.2298379787313263
39,43.5073131847515,51.452951023304635,1.1248534299549857
40,29.339912339419612,28.48084700713506,1.0838682380217335
41,30.51803651409126,27.372779729865364,1.4592860514182833
42,35.13538152841247,26.361664798629363,0.804054142776508
43,17.85775292952355,41.914454573854826,0.9281461655245649
44,31.820028964634403,30.066294999362476,1.0208757171003935
45,59.538874283368706,30.371080076740977,0.4763885910726521
46,30.545366590691707,27.520907274403058,0.8342411243149106
47,28.31177521268445,38.38002920793442,0.3718262471764944
48,46.66717646703475,47.48234033358111,0.5773925722350399
49,24.60040007824528,39.34209638942061,0.6155886228406414
50,74.6093821158106,56.83028483882352,1.241731587554253
51,43.864917461568076,28.998781110629103,0.5581161163298484
52,50.00352389644174,19.798717760823987,1.3813893806996873
53,33.01322428010651,50.0226991122707,0.0332662583761838
54,33.376331980983856,37.63923136884016,0.8332407829538728
55,36.49343490586455,27.861593360352792,0.6097864732162501
56,14.386576742294778,35.58053933306127,1.002755775813276
57,47.74383546646566,36.32062755708107,0.750750218172223
58,22.92299682543384,27.580914048411607,0.8242916342769313
59,31.01532723272976,39.627440089127596,1.6635015377451206
60,38.48402879904524,34.595283764631446,0.4562627099851113
61,57.49871602485645,24.75715674887297,0.9938957205572676
62,55.364634003832066,35.74517637702117,1.0099620834541592
63,40.087821327994895,43.90874645766438,1.3097453533119339
64,52.904194880854064,41.45180457831943,1.105297394531059
65,31.047646809313683,29.476497348845548,1.1146917083484225
66,27.254833763689174,40.53076271837596,1.2214431238814267
67,46.04034874586083,27.053387772351346,1.1440219419395554
68,33.21118797298036,25.77721269886134,0.4813912365129076
69,40.464275809681354,30.969395772601125,1.122303183182349
70,25.77914318429265,38.65719942820252,0.9251553549503645
71,37.682762310849746,38.19274400646134,1.3169157521033887
72,27.335221907205145,20.373540825846927,1.3147467432527495
73,49.308119614892476,31.159174385939234,0.3827904250756933
74,61.75681414629295,13.402672750846286,1.1678053399609212
75,33.33766129795517,29.926681576908365,1.4528592413906982
76,29.67105792453331,36.355454709867516,1.5497695293330773
77,38.972639453273636,41.161079371463124,1.1931733588298576
78,48.65379842875021,13.940839064157554,0.7015093352595012
79,14.703542287141982,46.88110469593474,1.2234354617776633
80,45.12376252527987,32.24148826430329,0.5879762555603374
81,57.763029474503156,30.057039370742075,0.7789661544432989
82,29.630303004917693,28.171676413980855,1.040075168182509
83,42.12110746855472,34.98534264280942,1.0306411317546884
84,30.525844320941687,49.1189916574881,1.2034692195642367
85,29.726470309516557,27.79674574729781,0.8321278278967219
86,47.20526719847095,22.616039914376163,0.9447201919316089
87,22.073103995934094,26.175612491121903,0.8038979506090198
88,33.396622353502906,44.188700160953374,1.038481820928083
89,47.67786389839136,33.73133146970497,0.8236871043610781
90,16.7288070393188,46.67468562520752,1.373258762098744
91,51.88942328564628,9.284418912813358,1.446082865457067
92,46.61393967852056,26.67058264888844,0.29225747048362927
93,42.20692464181407,29.946190878291148,1.3145277055492879
94,19.450569550647725,22.311545121896955,2.173842204451509
95,34.254891644356654,35.1848696124541,1.9440185017314797
96,12.854804698974867,22.900910502089115,1.0774434046305958
97,58.58187203243956,31.113748769694666,0.8882360073415105
98,71.04800245467943,36.673712835554255,0.9616784973694745
99,45.537586982016805,41.404113473304314,0.8993832963269213
