patient_id,toxicity_grade
0,0
1,2
2,0
3,0
4,3
5,1
6,0
7,1
8,4
9,0
10,1
11,1
12,1
13,0
14,0
15,0
16,0
17,0
18,0
19,2
20,2
21,1
22,0
23,0
24,1
25,2
26,0
27,2
28,0
29,0
30,0
31,0
32,0
33,1
34,2
35,1
36,1
37,3
38,0
39,0
40,3
41,0
42,3
43,1
44,1
45,4
46,2
47,0
48,0
49,2
50,1
51,0
52,0
53,0
54,1
55,0
56,4
57,1
58,0
59,1
60,4
61,3
62,0
63,1
64,3
65,1
66,0
67,2
68,0
69,0
70,1
71,1
72,0
73,3
74,1
75,1
76,0
77,0
78,2
79,0
80,0
81,0
82,2
83,3
84,2
85,0
86,1
87,0
88,0
89,2
90,0
91,1
92,1
93,0
94,0
95,3
96,1
97,0
98,0
99,0
