Feature,Importance_Mean,Importance_Std
mutation_count,0.24949999999999997,0.017131841699011805
dosage_mg,0.13699999999999998,0.01278671185254445
tumor_marker_level,0.009499999999999998,0.0010000000000000232
ctDNA_level,0.008499999999999997,0.0037416573867739473
WBC,0.008499999999999975,0.0012247448713916173
temperature,0.007999999999999985,0.0018708286933869782
liver_enzyme_sum,0.007499999999999974,0.002738612787525813
hemoglobin,0.006999999999999984,0.0018708286933869665
spo2,0.005999999999999983,0.001224744871391563
dose_change_percentage,0.004499999999999993,0.0010000000000000232
heart_rate,0.0034999999999999697,0.0012247448713916173
previous_adverse_reaction,0.0029999999999999805,0.0018708286933869782
previous_treatment_response,0.0029999999999999805,0.0018708286933869782
previous_toxicity,0.0029999999999999584,0.001000000000000023
ALT,0.0029999999999999584,0.001000000000000023
dose_ratio,0.002499999999999991,0.0022360679774997916
AST,0.002499999999999969,0.001581138830084191
age,0.002499999999999969,0.001581138830084191
treatment_name,0.002499999999999969,0.001581138830084191
platelet_count,0.0024999999999999467,0.0
treatment_cycle,0.0019999999999999797,0.0018708286933869663
cancer_type,0.0019999999999999575,0.0009999999999999788
sex,0.0019999999999999575,0.0009999999999999788
mutation_profile,0.0019999999999999575,0.0009999999999999788
cancer_stage,0.0019999999999999575,0.0009999999999999788
pulse_pressure,0.0019999999999999575,0.0009999999999999788
systolic_bp,0.0019999999999999575,0.0009999999999999788
bilirubin,0.0019999999999999575,0.0009999999999999788
previous_dose_mg,0.001499999999999968,0.001224744871391563
biomarker_status,0.0009999999999999788,0.001224744871391563
diastolic_bp,0.0009999999999999788,0.001224744871391563
treatment_duration_days,0.0004999999999999894,0.0009999999999999788
creatinine,0.0004999999999999894,0.0009999999999999788
respiratory_rate,0.0,0.0
treatment_response,0.0,0.0
